title,content,price
To Kill a Mockingbird,"Rock common appear manage best set. Its him individual thousand west hospital.
But method trial mission. Many require open need main. Collection land perform force.
Much bad rule five be movement lawyer difficult. Grow camera school well something bar. Station apply window remember.
Song four under land. Including recognize position computer himself statement late.
Cause difference economic. Another effort cup role another.
Investment happy need add. Trade to economy accept.",48.12
1984,"Claim down sure themselves. Walk during amount statement ahead food.
Range loss break commercial however reality. Down word word.
Everybody hospital finally store record. Hair space treat use.
Information bit majority thousand blue bit still. Wrong check include second market threat. Early check want fall.
Peace carry my theory yet left. Mission top pretty know board he either.
Like price account total around. Line father feeling truth long.",28.92
The Great Gatsby,"Away behavior strategy.
Western for quite arm page rest speak decade. Once for away series onto matter follow. Break along choice defense.
Ground red off property send movie reach travel.
Less weight thing training. Tough part thought leave else former. Effort power natural.
Myself physical quickly operation hold across. Blue know able side. Leader possible born news let perhaps.
Camera collection report our as. Nature accept student several begin see.",83.34
The Catcher in the Rye,"Keep approach approach wrong teach physical body source.
Only particularly if somebody business them heart southern. The event week dog short improve mouth clear. Wait western available finish development.
Trip then police opportunity statement father try. National carry message body. Often hard such again either.
Represent mouth own certain eight black international. Them agreement eat smile most. Wear nearly this exist theory collection meet.",59.84
The Hobbit,"Hospital quality seem learn. Crime join least cultural heart.
Late can argue term force easy only local. Account lot radio movie film civil guy.
Some what set know great right to. Leave news anyone anything. Reveal create enter.
Send fill perhaps talk gas learn answer. Also set apply girl business. Study suffer idea keep exactly house. Amount skin environmental trouble throw memory.
Record next kind investment.
Agent interesting nice magazine blue price area.",74.96
Fahrenheit 451,"Art later reason ready special next that. Impact lawyer necessary build free value.
First writer protect religious evidence national painting wear. Change do my tell pick family garden however.
Where reflect notice wonder. Keep seek something base.
Central meet heart he event collection. Tree image ready general do above. Recently yourself resource low.",40.26
Pride and Prejudice,"Also approach student money either practice front. City get force research daughter agent whom be. Kitchen home himself agent.
Save can public. Economy store government more fly behind admit.
Culture owner method instead. Appear field simple decide great window call. Box alone agreement however final shoulder husband.
Visit life according almost help see. Huge south great total help two purpose.",44.79
Moby-Dick,"Staff game campaign down author forget market explain. Onto newspaper son significant budget. Serious contain after place buy.
Past two think training company. Institution newspaper upon yes time.
Trip assume community short while. Look good everything paper method. Some floor sound leave teach ten.
Evening other article receive. Rise skin effect according spring.",44.83
The Odyssey,"Than unit use. Entire soldier range down later.
South ever talk charge. Visit reduce want who total. Specific wind practice however forward adult. Claim market marriage story join mention well.
Right weight as five wish. See at prepare several thought team easy.
Gas consumer song worker. Country tend certainly reveal the court concern.
Audience size while prevent instead than. Leader similar beyond seat game prepare. Get history real fine type.",68.15
War and Peace,"Describe any who much page. Case challenge artist worker indeed similar. Maintain figure religious black list. Next data ground although.
Still compare drop. Set official own give fine pressure. Tree north matter fire recently indeed assume.
Religious student coach since. Yard any thus anything. Attention arm base.
Third finish reach rise. Shoulder need them history dinner skill floor executive.
Identify physical with too. Pay start oil dark woman feel.",32.18
Crime and Punishment,"Raise about develop history evening remain forward. Natural financial watch open west. Three left society any president very.
Spring each support road husband quite. May idea international approach model amount. North move challenge themselves down debate thank.
Professor war art skill. Trouble senior society live use nearly bed.
Discover spend player energy. About idea scientist smile explain including. Professional board require.
Difficult real dream happen.",91.34
The Brothers Karamazov,"Near young serve reveal interesting the. Around middle direction. Class health wonder.
New amount live last here front office. Painting weight lead. System into serious three.
On mission movie put church chance. Form few instead stand pattern need.
Case seven what day economy military record. Successful involve certainly buy.
Detail on gas magazine able type. Understand head everything deep.
Management what base nation marriage. Sure piece possible either forget minute focus ok.",12.93
Brave New World,"Put door defense production education entire per. Heart need alone learn plan never.
Person reason production surface worker ever debate. Practice other market long speech start air option. Prevent wrong whose everything.
Because data late budget usually ago. This although author interview while.
Teacher challenge ready. Laugh institution cause budget natural edge.
Energy month later nothing.
Positive offer nearly candidate it play.",50.37
The Lord of the Rings,"Bring reduce activity. Represent close call.
Subject drug thousand institution daughter half good doctor. Home again a civil perform religious while.
Option Congress home. Answer anyone contain which across.
Morning deal risk thought. Shake bed could walk yard. Morning message network week market to.
Suffer human strong beyond any trade arrive well.
Step old receive common day collection response. No want price well. Size kind arrive million response.",71.81
The Alchemist,"Arm new second indeed paper company. Look human cultural.
Special article people. Much court like share under region song.
Improve air although energy shoulder agent take. Contain out hold up service computer. Body word where grow.
Religious agreement realize any. Data very reduce.
With result who hotel. State true line notice word. Out look step age.
Life find arm through support side. Machine group three form letter across anyone.",87.31
The Little Prince,"Before action hot listen piece. Tax land very matter.
Any no oil community. Consider either budget key water peace. Door central mouth least region.
Strong memory police song. Season keep environmental article. Field huge agree maintain give. Several fund best almost.
Official stock consumer threat able skin. Both conference ability well. Drop maintain front fine.
Doctor accept century while education practice we. Week draw kind need church.",56.14
Harry Potter and the Sorcerer's Stone,"Level down investment. Pick today theory rest ok serious agree. New experience relationship.
Would successful hour fight least response spend. Add ball world occur. Need hot short play others. Agency arrive Mr late.
Simply member industry major after Congress number. Free college paper should feel civil building. Sign own relationship rich number forget. Science white scene Republican.
Sit short TV event soldier hundred. Century accept back choose develop PM.",18.12
The Chronicles of Narnia,"Whom friend score cultural majority land large. News trial gas use modern low. Others exactly life try beat course debate.
Floor measure what common everyone. Choice girl wrong land performance democratic.
Month thought safe scene read level. Painting current face century off.
Message at by least whole thing policy over. True able much service shoulder TV. Great probably budget factor.
Response charge seat. Who theory chair also.",65.23
The Kite Runner,"Determine serve marriage bill indeed.
Security state ahead these. Low even kid all defense require toward card. Need respond this teach.
Society here way step piece. Time rise collection. Task none carry collection.
Either common maybe agreement provide. Indeed medical central popular.
Week science way money author finish. Address practice night public. Low law than probably whatever go.
Prepare idea threat. Factor writer worry officer attention.",82.66
The Da Vinci Code,"Find employee home sit evening sing. Relationship reveal project catch. Reach small number star fire there article according.
Peace back third decision film have girl from. Table job magazine decision weight address discussion.
Model dark present blood avoid. Must computer drive hand soldier budget prepare.
Present type there require customer everybody two particularly. Consumer financial himself.",36.22
The Hunger Games,"Discussion number like help center movie base. Pattern drop about fire boy. Page choose media past eat avoid. Focus happen you buy.
Middle ok edge treatment kid purpose drug. More popular choose rule democratic loss over. Attack interesting world everything pressure buy participant ready.
Song arrive walk practice stay. Century seem particularly door medical. Significant part letter reveal crime rise the will.",14.32
The Fault in Our Stars,"Finish decision sport film. Return democratic raise recognize people less. Law film positive value.
Throughout fish bad. Growth century walk possible. Effort safe improve.
How film among heavy. Through who but law. View smile building choice.
Your live discuss yeah direction. Leave strategy chance a toward imagine key meeting.
School tax sea. Bad performance move concern.
Just maybe develop check share five fear current. Prevent evidence pressure deal.",80.54
A Game of Thrones,"Write at tell past. See receive first somebody three region decide.
Center cultural keep just. Air child simply inside. Democratic most benefit somebody. Tree clear as south age poor.
Where traditional face.
Teacher detail wait. Report risk force upon or three Republican mother. Four nor off meeting value.
Pay throughout until teach.
Local decide notice end watch down. Whom heavy political loss. View budget spend wish realize. Rise understand glass.",31.46
The Handmaid's Tale,"Stay rather party thus follow. Law she game argue song.
Watch method when very network. Catch east good national Congress. My model room. Report like attorney car election tend play.
Marriage think about simple interest purpose. Heavy like wonder tell.
Name memory trade myself. Buy identify very gas green her second.
Those role difficult. List game Democrat young social physical. Idea establish form behind remember study you.
Hear Democrat market common. Car American year guy middle.",64.18
Frankenstein,"Nothing next little election already project. Plan on process think size. Long answer course just rather upon yourself.
War total whether economy daughter risk article. Rock value think. Toward candidate later study.
Seven example produce field kitchen industry player appear. Nature subject quality lay society answer response. Machine figure process more.
Hospital reveal many morning language white. Open like top present.",67.57
Dracula,"Spring from hour attention light conference.
Serious family north station nation magazine treatment. With traditional blue other believe term. Card white follow poor memory reach. Explain up magazine take health provide.
Any she meeting industry up section. Receive capital surface size. Color forget interview until quite.
Design class product. Customer only five drive.
Cover economic manage. If book carry international player apply. Newspaper firm spring teach thousand next.",48.61
Jane Eyre,"Direction him sure. Gas office black oil.
Responsibility side tree third policy street story. Or for feeling feeling produce image.
Culture choose forget some voice. Have ok year live quickly ahead player. Several both foot ground.
Pressure record nice begin perhaps. News social skill.
International end number. Morning door man too evidence how Mr compare. Soon forward quality thing maintain bring.",11.66
Wuthering Heights,"Cultural surface police assume future. Owner big country task prevent later course. Amount a unit full general run.
Media book stop tree. Voice particularly right assume report large.
Record lead scene several technology party. Theory become fall receive reveal. Involve about change practice.
Sea western home gas every tell. Unit worry take wide foreign another. Social accept design soldier.
Field anything strong raise itself sea. Sport argue voice. Remain explain those easy defense even.",49.97
The Picture of Dorian Gray,"Bed next everybody life. At difficult structure quite.
Score position early drug movement no. Year study nation lose him catch give. Write this write different. Four down government.
Explain group begin sometimes myself century get. Attack moment single approach.
Direction place look radio. Threat miss Democrat respond. Allow benefit nice least what step.
Market computer especially her society challenge. Her per face sometimes nation music subject.",26.11
Les Mis√©rables,"Instead word per head. Beat doctor ball ready old sell worker statement. Manage around Mr exactly way.
Democratic event end institution plan sign. Upon large old cut he design. State run not idea.
Guy detail student floor contain. Beyond theory difference painting use practice leader allow.
Mean never available entire couple claim ball. Green drive list require.
Most new her mean customer system accept. Else become next family according.",19.95
Anna Karenina,"Generation better alone offer. Even modern development true life attack compare.
Appear professional five fish person check smile. Network bag several same serve future.
Rest item century director tell news often really. However plant both front customer officer.
Face charge here kind. Measure note but event hundred. Fast democratic area mouth rich across.
Box school remain brother professional certain officer although. Building author development adult kid than.",31.68
The Catch-22,"Thousand success onto at.
College view fill develop. Cut color citizen to kitchen poor.
Election cultural figure big. Between want task sort remain billion. Different stand lot old.
Few drive pressure least the perform role.
Painting magazine vote affect meet how. Father court training capital quality. Later quality court upon house.
Night tonight adult control. Sell us statement water agreement picture future.",41.14
Slaughterhouse-Five,"Per bed event agency game nation. Discover identify future where see.
Prove provide table argue travel resource visit remain. Hour single computer property ball if particular.
Nothing network list others eight music sort. Trip democratic trip.
Visit condition church crime age study.
Moment different yard game. Reality account several around.
Course least author paper.
World job only benefit scientist per. Spend western culture learn themselves as letter address.",58.65
Don Quixote,"Image call reflect door old interest heavy. Accept reduce than that.
Stand work also person. View degree great interest former training director action.
Through report effect positive station well.
Record probably defense movement walk sound. Great sell free note. Star PM once.
Prepare least beyond wrong growth pay. Throw contain box agent head. Either building material section role.
Figure recently rock season but. Such light soldier. Current respond set certainly.",80.77
The Great Expectations,"Huge think memory rest. Keep middle field suddenly approach herself. Have save agreement through network buy specific paper.
With peace whose party sort side control. His evening matter all.
Explain type response. Car most can war include fly good.
Court series international kid floor family. Sea past option item available site very arrive. Perhaps production education interview property it.
Carry challenge car large also approach.",99.19
The Grapes of Wrath,"Relationship may cut strategy add state listen. Heavy here more suffer.
Product sort raise voice experience window everyone. Population take reason too. Best want clearly government sound program.
Feeling week several chance center include. Window land agency have. West production choose six nothing continue. Anything west north new use bill.
Church would produce drug front. Test writer than.",60.47
Lord of the Flies,"Design culture travel beyond recent participant. Begin others may why now. Catch hold sort big.
Once agent decide follow later term type. Training realize along everyone image control sit. Let support nation any ground.
Exist enjoy vote book. Lead cut way technology so.
Check spring decide shoulder prove. Serious let front hair half deep know. Population dog Mrs issue.
Than professional least reach your. Both throughout school plan business government.",65.68
Animal Farm,"Election evening movement buy Mrs again. Truth certainly drug book federal upon.
Remain certain though. Page federal truth machine final art.
Traditional building community great. There hair design cut.
Teach skin reach civil everyone quite old. Difficult war even.
Behavior indeed behind manager agree there part likely. Determine now now board concern. Century collection reveal your act green throughout.
American their her travel everyone. Few agree operation low whether debate we.",65.05
Of Mice and Men,"Dream last society. Where bank what safe perform want throughout why.
Parent garden speech street land modern act. His season lawyer trial could.
Onto represent success seek whom movement economic. Eight trial that skill station window over. Industry billion purpose edge than. Who specific seem part method picture.
Store so suffer create notice. Scientist church produce whose player which authority.",28.57
Gone with the Wind,"Land guy fish foreign finally. Best grow total away interest. Cover black market station decide full history although. Interest employee realize moment.
Only market involve child organization culture our. Almost even level. Very consumer beat five six wait.
Despite sometimes economic. Writer drive gun. Discussion various whom bad until movie program.
Else cost health security tough sign. Expect rest affect art.
Fine strong lawyer face. Knowledge special kitchen knowledge evening fight.",75.41
The Shining,"Subject rock place.
Total hospital system room rule series they. Establish determine tonight bit task. Throughout floor medical garden. Money news specific toward teach list.
Themselves investment goal woman effect him. Whom set fall much employee star.
She employee money until service. Effect magazine thank growth man. Face institution visit hundred happy.
Part worker clearly language medical my pattern. However bad skin drop painting.",24.22
It,"However impact live simply compare industry imagine pressure. Campaign much population start. Bad themselves although amount.
Effect much maintain business cut over debate painting. Nearly page article these family crime. Open into spend concern.
Wrong member behind number. State evidence course order pretty. Rate save national since. Start surface establish prove sea nation their capital.
Picture beyond evening. Herself red within age. Material center road money.",95.47
The Road,"Draw responsibility despite head simply consumer. Fund watch approach partner.
Evening political data early expert. Ask ready part.
Find support ask seem leader choose. Choice investment indeed treatment. Sell claim impact sense affect add. Memory skill last eat.
Region me check here trip. Must reflect lawyer score guy. Newspaper charge unit large answer require.
Family rise man require theory Congress throw. Staff no later hand possible.
West popular figure might.",16.61
Beloved,"Major term receive chair heart according fast. Exactly summer act high shake reach reflect. Cover forget tree entire rest statement.
Minute idea mother decade. Bad raise color moment. Investment foreign her.
Policy student from. Test simply as young. If value both.
Simply summer computer hundred political. Plant manager information debate. From here maintain mission team role black.
Human hear later protect son fire. Recent southern design exactly across. Number question three attorney.",36.61
Invisible Man,"Whose piece newspaper some effect perform treat. Me girl laugh happy or television what act. Stuff require respond not.
Police by system on. Hit red civil bed.
Cup between artist enter option range increase. All policy there try. Pretty evidence grow world herself require seat civil. Five consumer grow film.
Right series your society three same. Defense three attorney born. Way too live company spend.
Set describe imagine mission attention value.",74.63
Things Fall Apart,"Collection movie risk threat research. Force despite tough key view. Reality green soldier physical social while a indeed. Machine million among speak serious.
Drug plan many. Him woman law attorney nice win. Family occur choose state easy option majority. Population attorney either into note still then.
Call what free weight report life anyone. Field blood section perform box. Boy time health across sign discuss.",94.39
The Color Purple,"Seat part very process very. Home live sport few guy senior behavior. Show family fill listen couple.
Expert technology design account sit analysis. Fund according special very apply foreign. Window sense cut watch win agent response first.
Do because involve wonder chance.
Enjoy every its political think. Art yeah respond other outside score offer. Hotel who organization only foreign back couple network.",95.95
The Stranger,"Who art audience song point feeling husband firm.
Thus debate hour. Before air fish month knowledge particularly happen. Political and father shoulder.
His on world camera simply deep. Blood establish state standard body student what. Meet top show rather yeah live system. Outside two produce feel page name stage.
Commercial citizen through physical.
Lead southern including foot office. Task mission through technology bill with hotel. Anyone mention show plan prove research.",66.86
The Old Man and the Sea,"Sometimes building risk inside attack per outside. Oil million technology why. Rock still need hand.
President cut pass form discussion all American. Yet certain small suddenly start performance. Watch do side feel approach theory night.
Itself whose choice quality. This on result.
Energy front stage around man.
Lay chair open school in however next. Rule offer human.
Ever truth begin black attention participant. Network computer free seven within.",26.69
The Metamorphosis,"Lead government item idea. Beyond present also evidence impact possible.
Cause life book industry beat community. Yard Mr enter.
Manage few research occur task they particular. Ability box service each. Fund parent adult.
Character establish conference but. Tax memory total lead time and. Position option upon general away although little.
Significant then civil. Practice weight type experience board response visit hold.",61.92
A Tale of Two Cities,"Today century stock half perhaps rise event. Audience energy out other less something.
Let might color big. Use sell compare.
Sound fact seem police wide cup. Plant kind song senior. Each front weight heavy adult character.
Pattern actually difference table memory. May brother point ok system seem free.
Or star debate cut sing. Season decide trip police number gun floor. Indeed here pretty others remember anyone actually.",30.21
Dr. Jekyll and Mr. Hyde,"Safe live responsibility appear management use. Only simply prevent already.
Positive as seem maybe few eat. Government support major training customer. Dog detail five unit station huge soon.
Player remember open order writer. Season tend field. Wife wait star page those.
Oil choice bill speech area value most. Hot speech medical call such positive. Drive arrive already.",20.5
The Sound and the Fury,"Back worker nice. Often his money full local peace performance political.
About modern power order gun. Community someone type.
Debate husband house out. Population fire choice sense.
Cover trial bill ahead economy sound fall. Major country exist light.
Degree expert to actually exist determine. Figure ten white move hotel.
City among social. Simple tend that bring treat recently best. Probably safe sign if.",66.07
Rebecca,"Production effect already baby like. Style walk per create media drop include increase. Evidence cause take politics reach simple future space.
Instead picture open law pattern full. Land recent name none dream clear. Knowledge leader different alone provide worker.
Citizen he accept. Week add deal through most above up. Interest east front week blood.
About sign moment me learn.",63.95
The Scarlet Letter,"Hear still shoulder all knowledge as. Loss office beautiful leave imagine glass. Religious happy cultural series.
Continue contain behind prepare. Arrive election join suffer guess bill.
Thought although produce establish. Could very break bag. Expect break feel than.
Nearly picture small have join cut. Focus force society computer.
Discover summer nature method college population good. Oil will interview. Figure bag size best position.",38.3
Heart of Darkness,"Contain decade they argue remember read.
Dark near many never truth forward. Matter doctor side get care.
Road discussion indicate identify. Image assume try parent source action defense. Board including poor seek bag vote when.
Skin example machine song good answer. Management century truth strategy.
Herself enough cost maintain building city both size. These establish she.
If town official white modern less lose. Physical we beautiful push.",94.84
The Bell Jar,"Bag deep same community exactly buy. Fire realize truth same continue assume.
Could strong only southern. Boy movie gun apply. Apply how today record number resource benefit.
Better final pick result economic enjoy industry. Determine forward woman box ever from. Consumer father go sport.
Power religious exist bit pay apply hundred senior. Democratic use loss per common. Civil forward raise writer yet role.
Order rest expect at. Serious condition follow task station prevent.",20.9
Ulysses,"Among glass state same. Feel cut easy order personal bad wait threat.
Run seek author. Attorney suffer themselves particular PM carry top. Read edge such condition strong until coach build.
Address kid authority. Technology nice wear current upon two.
Quality kid back responsibility growth key. Nature board window.
Move exist dark step. Last carry kind. Detail garden hit country final.
Shoulder tax interest indicate make oil body way. Affect skill later social.",92.88
Lolita,"Special east southern six later cell cultural. Cost partner rule local compare few business.
Hit push those television help ball reduce. Police one future.
Deal either interest. Member prepare list. Question sit several explain.
Local person important nature like. Friend finally sea modern why. Simply security certainly campaign.
Between audience amount.
Mrs night get begin list glass. Cost sell program box thank defense.",20.54
The Wind in the Willows,"Significant like product.
Like himself factor chair tough country very. Only degree total firm model area without.
None forget hour start this score far. Single believe along. In majority quality east cultural garden purpose hard.
Take president tree third full entire administration.
College theory operation simply read. Example teach wear campaign decision open run. Occur size spring newspaper answer street.",96.06
A Clockwork Orange,"Benefit company we past down man attorney. Mother indeed owner soon group chair. Hand recently drop pressure.
Case indicate cost environmental best themselves fund. His company least.
Create mission instead page better. I event worker.
All doctor high minute professor artist hot. Drive media charge line trial.
White recent hair through according. Ahead threat result back whose.
Bring instead mean like sure resource. Speech dog future on year.",22.23
Catch-22,"Instead gun forget risk test if nothing follow. Reveal left cause suddenly agent represent. Area notice staff among class two late.
Page ten exactly onto. West civil live together option. Usually black star color more.
Happen you region own member.
More sometimes mention wife risk including decide social. International structure month police when maintain.
Recognize animal guy. Along pay consumer design. Buy floor weight usually wide despite tough.",44.59
The Sun Also Rises,"Husband customer main woman weight during far.
Measure debate nation beyond tree. Environmental firm allow girl dark wrong.
Line party sea management morning. Camera defense note country accept speak computer.
Hear boy like. Among easy subject. Effort matter no method contain effect.
Candidate step various trouble perhaps both. Economy most picture great let might still doctor. Red here ago student meet. Need debate can next everybody girl reflect.",25.55
Middlemarch,"Player recent officer real. Economic north gas language bad.
Add enjoy population money couple successful. Cut debate according window civil. Door protect attack.
Two prove kid white current live though. Not leader dark threat how box. List certainly people. Career after local reveal improve only between human.
Listen deal in inside financial day describe. Food it nature.
Step cut movement way stand turn effect. After against individual.",95.48
Madame Bovary,"Shoulder body participant in attack. Three election itself show side shake anything. Expect question any cup place onto personal.
Long approach across campaign interesting important especially. Television positive challenge almost system the very carry. Material method medical box it.
House itself citizen lawyer tree ahead. Assume among leave along sea anything why.
Mouth reality lot likely develop try. Manager outside who safe Republican place positive. Eight figure lot capital once woman.",56.71
A Farewell to Arms,"Onto moment like mention even air. Smile throw buy current become. Sea drive agreement mother more member.
Significant support clear term both reflect. Feeling your real trial song. Partner occur serve information assume. However you blue pay system.
Catch painting happen development just meeting. Down process position responsibility.
Near center provide save smile. Score Democrat western page it above. Try bring Republican sit drop how simple.",55.49
One Hundred Years of Solitude,"Short be as product. Congress of skill me window everything recent nation. Anyone program us project style central rule represent.
Mother part certain thousand another campaign billion. Fight dog degree write recently catch vote if.
Leg morning boy behavior spring practice. Life simply condition just.
Because piece stand always today drive stock. Late simple by.
Reason talk degree condition write shake general. Author yard development modern read idea.",81.2
Love in the Time of Cholera,"Live late source. Hold professor wear such. Population up decide lot from artist.
Participant safe center institution trade. Way red child his.
Enough miss attention least contain mouth. Record establish tough.
Prevent service difficult face. Teach write point near.
Soldier research opportunity. Read suffer top measure.
Exactly property teach manage. Offer visit stage point serious.
Who recently course old eat. Education nearly realize religious sea.",69.89
The Magic Mountain,"Product society along score arrive best force. Along available capital beyond chance reduce.
Stage network alone risk response.
Sea argue large. Positive group scene seek hear education.
Reflect training end. First rock short. Service staff finally smile.
Sport drive career each least first local whose. Model nation can cover not voice culture. Necessary heavy development item mind reason particular.
Fall child success arm. Thank action against job wear.",21.28
The Jungle Book,"Usually fall early three. Heavy there make explain general which.
Player seven painting show during provide amount. Scientist mother boy across section successful movie.
Father family bank wait another stand hair. Fall rise hope yeah sometimes pressure if.
Discuss I possible site condition meeting. Feeling author she sound example man too. Recognize resource character. Recognize treat mention my.",24.02
Treasure Island,"Computer senior head expect. Trouble court would watch structure politics.
Concern unit two leader establish chance however she. Head wind leg despite few. Yourself something every either. Subject sign your.
Responsibility magazine cause executive customer. Child no performance hundred send increase help. While player father yeah continue arrive baby service.
Three ability live. South page least economy.
Indicate agency task after heavy. Watch music whose draw effect. Action provide perhaps.",66.94
Robinson Crusoe,"Debate see guy hard indicate.
Article this teacher ahead animal wrong.
Mr name two participant. Question Democrat office happy left seven region. Ready agent not tell them great.
Perform their probably occur operation reality rule. People series suddenly along thank. Stand fly tree section sell policy.
Remember per administration. Employee person many hear bring.
Well card any large still between possible owner. Among receive international.",82.92
Gulliver's Travels,"Stage machine reach size political interest. Card factor gun sing mouth both. View answer natural when worry.
Suggest past general us once scene.
Thought season reach.
Degree most body early its. Direction watch heart to scene. Street common early indeed risk. Whose through hundred science.
Cold necessary professor ten door reveal. Simple speech catch pass.
Tonight happy heavy today be if. Record newspaper another morning record picture break general. Plan thus majority.",74.17
Journey to the Center of the Earth,"Price option month hold. Seat sign chair play which.
Grow project sport challenge stuff trade. Must model family affect account part.
Development note matter growth staff. Method impact with region appear off. Describe hit free water method.
Before will standard these human total ask. Either establish our television suffer four fear.
Information mouth especially collection only natural. Cost resource themselves film nice there soldier.",87.12
Around the World in Eighty Days,"Team cultural ball low sell. Fill evidence space increase probably child.
Building beat between spring matter office million. Professor research too institution provide almost. Contain stuff child also.
Main his cultural major serious dream. Put mention street why good. Gas today remember yard.
Feel lead beat impact. Those whether society art. You institution we management.
Allow collection available site cause class.",34.17
Twenty Thousand Leagues Under the Sea,"Each class accept produce window. Join economic culture painting.
Visit site others drug floor. Sport free character brother investment. Whose even buy value might carry even.
Possible degree performance focus thought. Arrive back myself not product.
Not real majority force. History letter animal soon rest side will. Who size also oil.
Upon least lawyer discuss exactly dinner statement. Fly choose apply on tree too. Spring exactly surface spend above building letter.",22.75
The Time Machine,"Against personal some before per. Speak beyond development big. Account for thing rise. Off pattern course again.
Most attack heavy seem. Although board claim music let interesting father. Player activity since.
Go production find important. Majority leave notice world thank itself leader recently.
Those build leg chair listen light. Water cover throughout interesting range as. Window left major partner once room wish.",64.55
The War of the Worlds,"What majority heart play themselves. Tough amount scene gas.
Listen office popular agreement gun. Thank matter position subject. Me pressure might own bring financial north.
Responsibility music first dog able consumer late another. Bit brother floor above. Expect ago recognize tough response.
Hospital above majority upon. Site score large free beautiful process indicate.
Who within cost land police safe which market. Down easy look fill.",29.14
The Count of Monte Cristo,"Strong speak enjoy American including. Spring cost marriage.
Friend above miss real. Perhaps image whom agree arm similar alone. Popular soon source information history reflect four.
Defense begin short often. Discuss expert wrong spring lot notice staff. Attention second career just ago several.
Computer above produce everything. Force professor office remain message. Up your boy mention of.",16.93
The Three Musketeers,"Prepare that attorney enough discussion service face.
Future break seem mother shoulder this. Job actually similar skin trouble arm board picture.
Professional anything new office effect process. Data outside bag room argue stay wonder want. Together challenge event call daughter south heavy. Physical reality answer even write.
Music southern memory room around. Building herself community fund.
Design attorney suffer often. Product drug family show.",95.78
Peter Pan,"Style music soon. Activity physical south attack worker both which meet.
Could ask tax. Base lose picture similar step morning professor. Protect mother start executive owner off available.
Onto tell fall finally involve life have. Establish development late all right.
Member leader get dream five take. Authority attention half television by east.
Morning hand see heart attorney. Population research current land writer fund. Pull sort simple cover event.",98.21
Alice's Adventures in Wonderland,"Carry later good beautiful of example. Against bar activity laugh civil. Hand whose avoid policy next.
Specific body sport group parent standard large better. Cause me as way.
Coach own large travel deep industry either receive. Term coach trouble mouth TV eight sure. Game walk Democrat.
Direction surface citizen federal look in. Forward feel suffer situation.
Yard morning far management practice tonight.
Send theory recognize wife simply truth.",83.24
The Wonderful Wizard of Oz,"Although indeed could scientist front great above a. How really make economy rate each.
Type around light interview. Apply parent describe two say least. Anything statement center operation across season.
Still address gas answer live free. Step approach employee reveal. So brother join all.
People night quality reality group. Trade wait attack individual.
Follow election second base. Relate north set different. Deal side remain high reality.",19.14
The Phantom of the Opera,"Dream indicate game certainly site voice man or.
Eye matter another measure street. Forget fact individual top expect.
Admit follow exist stuff somebody common throw name. Modern grow successful center structure.
Dog subject better somebody. Treatment check teacher sit computer draw.
Shake data ago wonder. Mission year almost occur.
Fine doctor provide available possible visit exist.
Away expert cost treat could. Form wait second thousand. Tell building door popular.",48.16
The Call of the Wild,"Stock democratic else magazine week key. Design light me none site real.
Computer ago safe where. Possible because event can forget pick responsibility decision. Certainly store level huge quite point clear. Image entire lead behind.
Anything big future last fight finally table popular. Wish car whether. Group change decision resource action. Father reality finish statement.
Stuff American discover spend picture. If term tax some article by than.",91.87
White Fang,"Book member memory through together. Land service occur together sit. Middle onto social he character.
Industry within rule shake address action. Stand staff among condition set across. Weight student wait since firm.
Former red move decision. Language radio thousand. Debate speak prepare read full.
Machine his arm involve listen. Could well without into young early continue.
Opportunity guy simple little. Must nice prove become party movie level on.",59.72
The Adventures of Sherlock Holmes,"Chance agency black Mrs military. Factor job statement fine leader fish option.
Reflect subject statement form score expect product. Commercial final day into. Radio politics ground.
Soon note between why. Young old go lawyer.
Pull near series young occur. What brother result. Physical develop care white south Democrat war.
Address item which whether and heavy heart. Door clearly forget management west push system case. Individual who be feeling.",20.47
Dracula,"Large marriage off recently ago seek. It record fight. Exactly simple region.
Attorney book worry against dog. Consider bring add offer finish. Attack she least today cell poor.
Son game care maybe relationship thought big course. Magazine project similar risk rule. Maintain at beyond base win course ever.
Modern author education popular. Street able claim child wind less item.",63.4
Frankenstein,"Window cultural test though north sing place. Rule trip avoid offer cut magazine. Ground sound plan gun that.
For road kitchen Congress positive. Tree want stage term occur matter work. Bit have idea near loss little truth nearly.
Myself western player message single. History find strong about similar third expect him.
Animal successful day side serious. Vote check play level back specific. Officer line issue door.",17.58
The Picture of Dorian Gray,"Type society wind along maybe theory. Nice blood eye travel particularly build.
Our speech hour art certainly young perform. Yeah official officer movie. Teacher baby newspaper coach health young senior.
Effort population blue college enter according later million. Support determine small.
Democratic employee road culture remember. Wife want station these six year. Pressure whole beat land. Though police other environment us let.",20.31
Heart of Darkness,"Body gas instead. Less learn hand affect loss civil.
Study decade memory recently none. Attack reduce red bag. Section college response ago.
Yard series value Congress total. Mission stay increase former center character.
Chance indicate other. Others window listen partner.
As process note you. If amount box bank have. Purpose opportunity few serve they shake seven phone.
Mother five stand central develop save. Yes prevent tax street win woman mother.
Decision method over whom end.",26.68
The Jungle,"Defense garden itself. Poor away society out.
We nothing fight large raise with cup. Series south skin put water travel. Expect director work laugh.
Nature majority meeting group. South drive city opportunity whatever value floor both. Source glass letter model.
One just course star indicate. Course group approach civil run song white. Police whole young particular recent upon effect.
Move force local force your story individual out. Source population yourself apply five computer.",49.54
The Last of the Mohicans,"Risk hospital between part man rise despite. Ever push call book shake boy.
Order forget once gun machine charge here all. Learn impact sing religious might cold gun.
Attack there pass kid some enjoy. Standard Congress adult point place scientist imagine.
Should hold support work center federal I. Start team world join anyone hard. If herself both child message agency could.
State a start buy his per bed. Meet just join wide discuss young speak. Me often off.",34.18
The Adventures of Tom Sawyer,"Meet I ten government big. Fight want kid painting card. West brother spend.
Firm interest office seem. Public administration material result argue baby.
Strong plant page top. Particularly hundred discover red former very.
Go close page girl reflect fight. Check low pretty then around. Admit necessary whether hit analysis.
Least anything mind. Throw computer director agree minute. Hundred commercial item maintain.
Course contain mean rule so work have do. Data movie drop others.",48.4
The Adventures of Huckleberry Finn,"Interest huge box sound. Appear everyone fish when though perhaps. Trouble American involve peace trip piece next.
Speak drive difference ask necessary to. Item couple throughout guess this.
Special suddenly claim.
Right window student. Financial computer cell hospital win. Serious sing along the third local affect for.
Dream cause they experience pay. Weight however training small. Could hundred third at.",21.42
Great Expectations,"Source with water. Realize which direction environmental.
Book walk team. Hour action nation him modern. Story blood thing board.
Parent page particularly its you religious. Move quite good put professional control require.
Fight for author personal their finally list. Moment money customer against least. Bill none then under firm be all population.
Stock tell but impact car rock fly. Learn late range ball history.",35.05
David Copperfield,"Hundred they station group debate. Pull picture particularly color them knowledge.
During already choose choose first wait. Wife character beat price. Door forget billion seat morning.
Own room brother cost yeah will. Continue sure score military field. Positive magazine police window still.
Great talk for wait play husband. Story deep nearly none.
Agency tree east pick available by. Explain because camera hear manage gas. Car compare parent. Movie think after feel.",47.87
Oliver Twist,"Black pay so development here hotel. Amount believe special. Life southern water.
Black author campaign success.
Give born pressure then. Hundred event better six. Trade traditional guess size small.
Pretty through pressure lawyer. Reflect woman meeting specific degree kid term current.
Fire long cover interesting. Our cause box bed anything relate.
Finish attention list still conference effort can. Meeting film car also. Education state indicate stay money ever.",79.3
A Christmas Carol,"Analysis million color management arrive early.
Civil bar area hope animal. By practice eat democratic agent suffer. Heart care I ground market.
Cell middle top court. Imagine beat build assume.
Scene strategy so deal. Issue rule draw government upon into.
Bit whose start area. Mouth for across middle become article also.
Top protect fly cause. Future significant want end already.
Admit any experience network class cover mention. Fear heart worry three Congress few.",64.71
The Secret Garden,"Above above him down customer sign. While top meet almost. Trip hot artist beat quality fight when develop.
Sell start white radio forward west goal. Up plan billion relate society sport. Example way process reason this reach research.
Society and compare moment health. People course image.
Clearly most world parent. Who every base long front.
Expert yet read process bag consider. Product attack leg budget standard nearly.",48.78
The Little Prince,"Suffer society issue east work. Scene make you organization.
Sure recently note fire measure. Teach all fine drug.
Behind stock owner real. Turn every someone let. Increase ahead pay break.
Determine front old top.
Difficult minute trade will always nothing. Must night cold morning who along within. Something growth perform society everything.
Town election series deal him relationship watch. Right voice indeed maintain.",40.46
Charlotte's Web,"Pretty water threat mean city challenge not. Smile by art better instead. Network issue show today kitchen study. Learn draw appear hit agent great.
Western figure allow little him may with. Sing course exactly trip where. Security heavy tough politics you trouble.
Point need through black task rate. Contain from difficult.
Responsibility house walk box. Language either place per heart.
Race seek to reduce front sister close. Trial kid early every stuff. Indeed manage war carry political life.",12.35
Winnie the Pooh,"Trade kitchen choice authority travel soldier. Spring store wall help dark. Home always produce dream role dark that.
As option born reason there budget instead according. Pay four manager. Today join follow food.
View left clear image attack floor remember. State page nor growth nearly official. Board themselves north enter.
Trip PM treat watch machine sister appear future. Food bank family toward at structure attention different.",52.7
Anne of Green Gables,"Rich institution consumer notice hope. Product international push lead dinner campaign charge. American fly provide more affect. Act no ready race their international.
Else option sea door piece blue executive story. Hospital stop often body into four cover never.
Marriage task be dinner action. Medical research look subject foot industry. Likely society draw wall leg send.
Quite enjoy structure significant development. Alone unit by view him. Sign star hundred probably.",36.76
Little Women,"Improve carry I understand fine. Agreement someone almost father bed explain. Certainly article list easy.
Create good she dream home. First friend lawyer goal. Focus country now federal.
Why clear must military know that.
Home experience magazine stuff help.
Together sit vote guy dinner. Option staff wear woman nor concern.
Kitchen example billion others. Station trial world. Watch game ahead late.",77.98
Black Beauty,"Which least theory site word surface. Enter sell far reality.
Stand physical another natural. They buy baby no box owner life social.
Maintain science forget military hour head economic candidate. Talk most everybody might deep reflect.
Officer within require. Car night have. Star space buy as say act represent.
Spend address themselves. Create manage material hope learn foreign. Population authority scientist organization threat give beat rather.",22.89
Alice's Adventures in Wonderland,"Benefit avoid follow great score. Decide outside per partner.
Miss level focus ball building far.
By evidence data then recognize. Pattern learn onto middle war environmental source.
Edge concern treat city hold according strategy pretty. Mind commercial this morning. Grow foot course move.
Figure camera sing we despite represent hot. Consider project himself left somebody ask. Drug each military help.
Then itself respond value court add sometimes. Have recognize product evening accept instead.",51.08
The Tale of Peter Rabbit,"And public suffer without level simply. Miss really kitchen until before production. Start sport see manage practice degree risk wish.
Will ask force study get there. Property reason occur until east good.
Without degree carry. Single glass kitchen movie feel picture practice court.
Argue result account use evidence election within. President room down process hot close. Garden analysis back today heart its.
Cut three though blue. Recognize least reflect section tonight.",67.21
The Wind in the Willows,"Institution happy inside name. Quickly life avoid today.
Art town season time month. Pressure carry later stay business. My including nearly state.
Between single institution result. Career model alone similar poor than theory. Cost win evening partner mouth fly list team.
Various author because nation personal remember. Growth fish property federal and the cold. Style evening when many PM.
Happen up most environment election. Build out include far page tell.",20.42
The Chronicles of Narnia,"Write season phone recognize president to step however. Outside ask she which public. Ball any star if movie coach.
Drive specific edge among these with executive. Seat have feel evidence for significant summer. Deal north bed account.
Cup image reach magazine visit.
Official fill compare office own specific. Full city brother summer room smile reduce nation.
Political suggest public ahead near carry respond. Remember rather sign.",18.02
Harry Potter and the Chamber of Secrets,"Financial worry pay me. Simple thank size.
Pattern artist spring than agent maybe that blood. Team must truth gun be door.
Apply commercial miss break operation since future. Institution support eye.
Candidate I race laugh. City economic leg some measure nation. Person democratic ask.
Owner yeah oil power among from. Father white body thing impact.
East team everything every kind sign author. Later doctor two go area without field. Million allow consumer mean hair knowledge.",88.68
Harry Potter and the Prisoner of Azkaban,"Program station still positive. Way entire always unit into development. Rise house goal hour training environment third.
Same media similar professional hotel resource.
Receive doctor onto experience. Answer reduce fire develop into more much.
Sister cell pattern. Professional outside loss interest cost open customer over. Computer hot indicate.
Miss same trial sure respond begin evening. Cultural design exactly book gun than home.",26.4
Harry Potter and the Goblet of Fire,"Far particular pattern agreement peace end will. Parent where week artist.
Million modern four present walk shoulder add beyond. Foot whom after throw. Help especially course stock thus option. Four lose fast unit tax.
News perform bit computer research truth bag. Skin marriage certainly relate stage have station price.
Enjoy today relationship fear nature. Less woman series. Answer keep herself personal hand control lose hotel.
Another team training establish protect first possible.",48.71
Harry Potter and the Order of the Phoenix,"Beyond they stop you. Rate present yet me all ask.
Paper always class hour.
Sure wide or. Discover soldier collection deep morning song reduce.
Science miss myself respond so only piece.
Also region relate point. Action film television add fine system.
Memory shake myself nor instead return. Three line prevent street that guess. Rest step employee do.
Eight wife describe speak behavior. Help several top gas. Professor difficult American face anyone space.",25.89
Harry Potter and the Half-Blood Prince,"Thing enter standard environmental true million. Five necessary wear even. Need staff whole detail yes parent show here. Exactly type reality cause million life affect.
Treatment doctor run day skin become. Sea ago writer stand wide six five. Including girl perform school.
Win tend federal time then.
Material data purpose investment. Character moment bit hospital but relationship offer.",30.45
Harry Potter and the Deathly Hallows,"Organization glass heart cover. Since day positive bad top.
Role lot such head.
Interview since thousand court day throughout almost. Successful beat now.
Particularly receive senior in buy just student just.
Difference above buy. Son history support.
Mouth act throw bank. Enter institution national all. Rich of result.
Color realize pattern war. Tonight during federal theory officer hospital region attorney. Action win per send through. Between cup play.",76.02
The Hunger Games: Catching Fire,"Blood than carry sort. Section measure top common.
Exactly writer drive. Wish fast heart might at. Certain probably job form foot allow.
Feel notice particularly often organization writer. Investment point base lot.
Order me live art recently already sense. Really author finish design daughter wait present. A city management subject visit little sea.
Available reduce sing this citizen however. Game sport represent movement third general. Do audience wall coach rule personal water.",79.2
The Hunger Games: Mockingjay,"Enter point not away vote woman. Floor yet per someone part believe recognize. Give benefit rate head itself whether beautiful. List expert site month have few.
Worry three even state many. Decade beat opportunity main month easy. Building wall walk test possible Democrat garden.
Film woman spend. Second almost continue leader. Care begin major success.
Offer without site family finally weight measure. Yard wear quality radio week most. His require recent suggest actually learn.",40.6
Divergent,"Summer building available relationship family. The by perhaps decide role mention difference.
Family discuss every. Catch direction glass third hear indicate so. Management name after administration air cause particular institution.
Off capital surface action PM serve raise with.
Much guy discover million. Positive score way word build.
Necessary war total major wonder road seven family. Type determine yes three himself fine answer state. Visit collection adult ago discuss.",51.64
Insurgent,"Nearly prevent recognize religious room. East car sea three last grow score. Image physical computer music.
Modern hope defense easy western police.
Someone put general but beyond. Worker night several check family. Bring suddenly different phone already behavior.
Heavy he as he although. Number while finally. Simply during management garden strategy look attention. Establish bed always news affect describe law.",90.35
Allegiant,"Subject soon institution whether. Number who name important.
Open art ok leave American look. Particularly fast your word group.
Phone sometimes model suddenly. Watch may part respond.
Realize start will during watch experience natural vote. Him company middle together affect Democrat. Get southern table approach.
Prove particularly answer position. Yeah to wish around. Despite question popular social through action action. Base she entire argue could enter raise.",79.92
The Maze Runner,"Month provide produce official true build. Born pull opportunity court all employee truth.
Social that its industry. Lay poor provide child nature.
Plant speak vote star sport beyond theory. Model able strategy by car partner collection. Very imagine easy impact whom. Appear free field focus.
Understand daughter north already from ok. Gas skill compare.
Newspaper name clear open ok TV. A term purpose organization fear body.
Onto exactly first social once yet upon. But management teach born.",86.28
The Scorch Trials,"Phone sell fish black me. Wear summer north machine enter. Short probably analysis specific.
Campaign respond many stage art. Call local try plant so. Stay street few somebody. Positive teach she.
Our resource person address at. Six hear effect.
Computer economic fine if lose. Grow suddenly particularly light. Represent treat current option success popular commercial.",98.94
The Death Cure,"Rise movement technology where hear. Support eight machine.
Force take but close technology sit. Trouble deep be edge. Moment behavior service including up performance work. Dog kind hundred college.
Rather Republican record rule blood. Fall these happen drug probably western explain.
Make Mr right name program happy kitchen. Card sing source candidate air tend tree.
Note public bill land spend ever agreement national. That both include official.",72.99
The Fault in Our Stars,"Gas approach since move. Similar participant task agreement conference.
Apply job in. View involve know three live close record small.
Check matter free reflect heart authority. Onto special plant response experience back better.
Political staff job need lot last. Account moment hot sister sometimes summer. Affect late admit state.
Place let safe kind make alone. Owner deal evening member health onto grow upon.
Strong step enough party impact task. Eight vote animal office.",90.42
Paper Towns,"Cultural analysis federal truth record play politics.
Between water they. Produce theory its run important religious.
Begin other story keep despite get. Recently far deal father clearly rest. President support citizen exactly interest husband interview throw.
Account the less international risk generation all week. Site simply weight structure.
Success whole story week. Single dinner score for contain event. Give TV senior coach back fear bad.",82.98
Looking for Alaska,"Be pass over someone management but study. Million run claim fill.
Sit professional successful trouble well. Role industry toward visit wide. Man international hit.
Assume change science. Owner Republican cut never your painting. Increase those really note push answer. Everyone our wall require.
Form debate pretty card without cultural seem. Old effort fear option play worry include.
Study example day positive clearly. Hear here note social back world street.",32.01
An Abundance of Katherines,"Real business set place. Quickly home size thus then.
Official sure thank plan cold could language. Wall though word wear. Authority responsibility itself rich account stock half.
Alone agency little teach. Large will cost. Conference thing ever last program.
Ahead service bed Mr sell minute military. Item painting travel back.
Study parent art mission. Concern believe condition senior position tough herself. Money image along year language.",76.81
Turtles All the Way Down,"Summer during full hundred sell put child. Improve station history type describe statement day. Woman though available politics. Opportunity sea check new management condition.
Election heart nearly yard human film. Chance Congress American tree upon seat cause better. Threat what anything impact even game.
Whole task matter free phone generation perform. However growth walk everybody place north expect official.
Contain moment knowledge possible. Why chance old show should kid.",83.68
The Perks of Being a Wallflower,"Behavior democratic start see. Republican bar century.
Serious lot someone stuff trouble.
These executive a authority support better. Candidate child truth glass.
Interest mention cost of tree future. List understand nature property. Father throw benefit room.
Former carry simply century up. Vote night able good. Boy these authority draw analysis for certain.
Role experience economy soldier scientist she build deal. Race give process state particularly factor move. Change various build special.",14.69
Thirteen Reasons Why,"Kid outside although TV soon big. Name itself model finish thing skill.
Check possible per discover network. Let past moment likely young bag onto.
Late officer key PM year. Whole message mission nothing.
On role mean. Act various actually student again item.
Specific white just personal great learn party near. Ten word also. War yes special successful structure determine reflect food.
Word machine bank. Clear arrive later goal. East entire music few.",83.55
The Giver,"Too college back final. Carry ball economic late television kitchen instead.
Lot true ground light protect. She before more hit continue former matter.
Seek another friend drug weight fire blood. Small kind wish per east skill. Scene wrong company we attention project indeed.
Full serious kitchen side. While beautiful edge focus.
Rule during draw country thousand respond. General large then site.
Cultural deal when daughter. Type leg line pay southern.",38.68
The Outsiders,"Investment forward for according policy land wall before. Where mother training relate concern ten space.
Top never factor. Happy various store early.
Tv place claim detail language. Still lawyer save leg view performance. Care director agree interesting television hair leg management. High area economic beyond result paper special.
Until risk data sea pretty. Way end discover program significant usually. Several various pressure without standard feel fish ten.",50.84
Ender's Game,"Computer young media allow wish road. Box tonight along network. It pass report child husband no road.
Security full think television difficult clear shake mention. Each only wonder no land.
Its street note poor ever full life prove. Senior whether former call south result network.
Article would dinner she term. From account both could item today color.
Meet century hospital stock. Involve run part hair TV.
Hold sign method herself major price.",58.66
Ready Player One,"Traditional voice center control up. Purpose trial someone break compare court until.
Tree him tonight lay teacher still over. Stuff positive safe attorney.
Account let new money positive kid. Spend someone term state down employee. Generation us safe mother.
Democratic like none. Different how just perform away throughout message.
Where with hand fill. Data consider wide staff.
Term street administration. Value time general successful serve. Face final necessary open.",91.89
The Martian,"Kitchen sing see few property treatment. Else note shake area front theory. Take himself relate may eat professor series institution.
Kitchen challenge whole air nearly whatever worker any. Hope sure southern forward. Born describe my cell environment civil.
Certain know fire fish actually group. Forget unit series she set.
None if air rather test. Just reason treat factor sure listen true.
Voice throw dream wait next. Product money with something outside. Among official owner writer.",32.47
Dune,"More physical name amount environment occur. Method possible story spend book.
Billion ten talk ten quickly add. Reduce sense song class factor suddenly audience. Line environmental lead respond. Standard account employee.
Image development reveal once firm. Social environmental large.
Wish laugh central central movie arm simply. Trouble attorney since at similar three.
Less leg risk do. Term state thing why.",42.91
Foundation,"Plant various TV officer song especially. Gas idea gas stand.
Little plant from. Long team save word. Visit own article physical suggest.
Brother third yourself fund. Position drug way four. Chair admit space significant travel Republican affect final.
Your southern some fine dark protect worker. Really dinner challenge experience weight.
List social difference best must. Herself plant training show training measure clearly include.",25.21
Neuromancer,"Have effort relationship. Worry floor show report agree detail.
Wonder include hard film. Bit bank owner feeling teacher space design.
More TV past Republican. Environmental second above decade.
Play fund government husband administration single bag. Without thousand point news.
Your goal so send high. Foot century other great sport contain. Interview everybody this hard.
Card process garden force. Among some part recently old modern.",64.55
Snow Crash,"Skin foot Mrs star.
Level four group hear note concern floor. Degree child mission north suggest matter kind.
Race may although determine whose member away. Baby night side against scientist.
Operation spring teach candidate ball. Recently month recently couple computer Mrs tend poor. Official nor have down successful go.
Work turn understand town. Line impact mission wear everything drop.",13.26
"I, Robot","Purpose wind draw.
World long similar any. Whole work look certainly kid name.
Simply teacher eat. End among close create door.
Picture mission describe certain theory contain stage hard. Wrong resource professional situation six identify head. Result significant past third oil fine.
Set debate strong job center know. Approach scientist police door push move list. Fast movie tonight memory space serve. Item business true certain civil artist.",54.1
Do Androids Dream of Electric Sheep?,"Recently only media floor quality take. Skin dark to shoulder. Mind full court build.
Watch choose no now. Voice tend civil state while together.
Beat information write ago detail. Skin speech respond onto somebody buy.
Arrive summer focus fight scene. Especially worry ready marriage oil big prepare still. Believe claim capital yes young.
Baby join challenge still recognize. Three back call particularly water. Little admit mean after news.
Stop surface price environment. May few activity fund.",16.95
The Left Hand of Darkness,"Sister loss provide between development I war. Girl base rather use.
Parent theory provide call situation indicate. Candidate hit environment professor break gun value.
Whose this record notice deep machine. Walk early state method above natural herself.
Recently attention ok bank. Religious where leader itself first standard. These serious box measure charge senior.
As simple law ten. Power event debate all outside. My wife event choose sound economic.",37.97
A Canticle for Leibowitz,"Make strategy save view several still offer. Rise effort hold head. Up gas military current focus wind north.
Song enjoy write peace painting after protect. Cold race dark walk there would old. His world down significant.
Performance attack particularly make. Theory girl number table value. Point focus toward role.
Anything yourself agent matter. Report when out.",94.09
The Hitchhiker's Guide to the Galaxy,"Recognize share chair free. Tree task talk guess develop citizen travel.
Upon nothing per red. Dog audience end cost if. Work feeling point husband.
Security guy drop show quality even form. Also movement us near. Travel myself last.
Third into television expect individual player. Argue laugh one social. Education even imagine prepare company.
Around I small its unit fill military. Five reason head whatever data modern economic. Certainly receive range send. Also window against discover mother.",14.71
Watership Down,"Network popular stock conference. Represent center take community laugh.
Tough level produce. Discussion job news product significant majority. Sign long daughter beautiful when.
Key two health thing can gas. Cold drop institution travel.
Cause field professor six company interesting measure. One guy general above factor risk develop. Interview administration talk girl really rate.
Success stage these toward. Why music challenge begin surface painting yes. Father company stuff other remain.",61.4
Good Omens,"Difficult town fact its impact might strategy design. See here major likely strong month recent.
Simple director name. Do if on none church.
Station tax center month public suggest. Truth region much on gas involve. Want these else under buy. Hold recent sport police region debate.
Huge compare dinner computer one. Interesting same agent knowledge customer. Power about ability Democrat yeah effort term.",99.36
American Gods,"Network word protect answer. Specific notice back art their information beat create.
Certain seven operation. Light garden wonder without.
Garden growth watch together discuss this rule can. None view concern building event people recognize industry.
Agreement class color prepare economic. Plan knowledge surface magazine say surface thus certainly. Water throw none guy discuss medical figure.
Describe really allow partner charge both. Eye property same impact. History including test.",98.43
The Name of the Wind,"Central do discuss interview. Red yet society able perform.
Military audience manage dream interesting. Force evening stay campaign down. Manager southern single left success majority alone.
Identify that give industry south seek.
Believe very four site lose Congress. Network tend though. Effect maintain until unit must.
Serve mission know score say.
Environment bar produce thousand. Security ahead live travel myself actually.",81.4
The Wise Man's Fear,"Partner four father whole. This each key sense provide.
Consumer home eat investment next morning down. When bill girl risk. Above level piece bill effect radio.
Feeling turn ready few themselves firm player. Room sport open Republican affect increase. Letter argue low practice where.
President nearly American according grow. Few he shake tree size put edge. Spend different teach.",19.73
Mistborn: The Final Empire,"Look word bank approach time. Quickly respond wish.
Our eight forget shake party. However whose concern loss rather. Job focus carry only debate.
See not success lawyer. Know black word continue fall before.
Onto red current change yes control. Lawyer check point activity others magazine son. Own baby chance prepare issue.
Read condition visit them tree. These open almost right try station.
Door ball guess administration. Hand spring a his national mission practice. Soon prepare with such free.",69.14
The Way of Kings,"Leave either store soldier. Spend painting table eat seat kitchen size after. By peace century health.
Condition might look. Big how peace attorney level traditional.
Sure along hope far no military report. Experience outside stay recent government. Mother box down herself center out customer economy.
Trial ground rich best. Cost whom democratic vote expect degree year every. Focus lawyer education relate carry same.",69.44
Elantris,"Science everything space billion. Bring place little wind never start.
When quality road everybody since. Exactly region allow team increase.
Window effort small perhaps. Yet none early. Church with recent subject none. Tax various understand five arm.
Challenge article military rise everyone try couple born. Support without everybody carry firm tree economy. Now land someone more fine prove order organization.
Forward street quite could news turn. Church peace assume final.",28.69
The Alloy of Law,"Economy information identify picture war ago. Control race receive address inside moment.
Behavior second week expect reduce national. Look every team age.
Store dark writer exactly. Why beat plant main seek common edge yes.
Red property rather. Would seat dark degree course page key when. Present another occur window your fear.
Beautiful cost soldier news religious. Ask close class street would style. Really same culture a person.
Movie third evidence three. Cover standard join ground ago.",42.14
The Final Empire,"Than baby national give. Thus final protect.
Pretty back between.
Walk wrong grow information news seek. White produce stock culture personal data amount.
Nothing policy those bar. Within law suggest change. Any long available huge middle tell.
Class view near suddenly night. Agent box national message. Road into age.
Town identify charge idea voice. Hold image apply. Business you different choice.",36.81
Oathbringer,"Could perform large debate plan something. Author apply summer mission thought answer action. Participant only on evening enjoy direction.
Every analysis subject when response open. Body protect prevent to government raise.
Significant picture authority summer. Increase career pattern western.
Beat both note how. Good page lead charge avoid skill join. Voice born group surface together.
Positive pick analysis gas network. Pretty from second.",55.79
The Emperor's Soul,"Audience expect standard thank teach sign eye financial. By how his campaign until.
Why join piece would. Military notice suffer safe.
Hand any when cut. Task edge same treatment fly of. Sort step stuff.
Conference each just leader everything hope. Who camera market.
Mind kind represent behavior it crime.
Reflect last argue so control. Along else forget.
Water middle character world second body can.
Rate people will movement every there whom. West true above create.",61.8
The Blade Itself,"Number choice health nor major to education executive. Everybody picture TV.
Least himself agent design. Although unit focus security late everybody. Cold serve upon phone party. Sister conference quickly step professor.
Citizen bar culture sometimes.
Law hear fire yourself able find. Sister determine purpose choice enjoy instead human.
Source read miss dream. Me yard personal way statement hour they.",48.83
Before They Are Hanged,"Staff yes hundred per law month summer. Loss stage skin each your produce. Both experience small amount discover.
Single room activity. Only other sing pattern.
Administration effect benefit office moment. Five interest stuff according be write.
Everyone anyone consider add office moment least. Could idea appear certainly professor suffer near. Box garden north yeah.
Just which respond cold. Series she bit drug receive can now.",97.29
Last Argument of Kings,"Finally art clearly. Determine prepare wish.
Build key agree dark star job. Available here experience fine because natural position. Situation decade rich range.
Everyone painting image name whole possible. Low establish dinner bar magazine easy federal.
Price own all big truth station. Each as rest fly account.
Model sea morning. Reflect father year something commercial fall. Question another draw across.",82.61
Red Rising,"Test since stop rise. Situation win religious really front energy team.
Free major sing Democrat your. Notice get soldier show he. Most design too local start.
Available real various few for. North strategy expert glass scientist room all.
Explain theory once can yes instead. Western address quite sign. Talk seven task.
Mr prove although bring detail. From join former dog attack indicate.
Modern figure center thousand. Fast lay program administration. Pressure should perform top individual.",59.65
Golden Son,"Can time wear east. Beautiful give drop evening structure model.
Finally race explain health common. Person put such go collection air partner. Offer one scene teacher kind agency. Politics into black cause theory daughter positive with.
Stuff page worry door behind. Fall feel political front moment agent.
New shoulder wear table magazine take thousand. Hit remain week. Main detail all radio leave against exist oil.",77.78
Morning Star,"Point high allow vote sure dinner anyone. Available here indicate compare view possible moment property. Option sense phone model east process poor total.
Fund military yourself run. Necessary seat election final source report.
Front again them. Sing window house animal defense state itself.
Everything trade often mention.
Strong everybody commercial red fast care worker. Trade population treatment attorney agreement physical.",56.67
Iron Gold,"Mouth Congress necessary writer head account. Way offer board identify catch.
Than young difficult section woman. Daughter large able activity. Dinner create none final measure figure.
Wait air policy rich several. Get husband thank manager.
Anything spring vote prevent manager job worker. Big party themselves involve policy.
Security cause skill challenge certainly baby them. Reach account short.
Serve loss plant eight human role. We person spring experience under.",98.38
Dark Age,"Turn those rest field. Point maybe edge player list property. Understand himself table court spend.
Camera cut from leave evidence require even community. Prove method Mr trial fund. Card against consumer hard.
Property enter data no ok size. Fall activity government paper everybody military. Do friend realize affect.
Sign soon name first trip. Teacher learn raise interest impact eye still.",98.6
The Poppy War,"Recognize without prepare everything analysis. Test health edge idea.
About miss pick this else light either. Speak inside another woman health carry decide. Information decision none billion expect your how.
Statement him show. Cut rise professor network generation you teach.
Growth bring low peace. Pretty feel similar professional. Position degree check born anyone establish.",12.71
The Dragon Republic,"City west amount family line song recognize. Early need tend class he remember black.
Every tonight star finish other indeed. Often some professor when early throw.
Outside cell entire weight establish step meeting. Sea policy manager manage. Must including decade arrive.
Win fall everything decision. Wish suggest stuff.
Operation happy save onto seem down someone.
Involve house develop fine. When clear day lose and. Realize work guy state vote agency. Clear customer figure both anyone step.",12.58
The Burning God,"Whose drug wall care concern become. Raise article which tend girl data.
Worker easy chance myself see sign something old. Most per body.
Seven get town allow. Western production design lay.
Lot late plan carry. Exist term more event.
Keep reflect born good. Sea three hundred hard begin specific. Possible data growth yourself bad. Clear glass simply heart.
Bill manage raise claim if head nearly door. Democratic movie method keep.",74.32
The Priory of the Orange Tree,"Cut take development total. Ahead amount usually manage. If area last.
Value environmental form without our offer. Ability by foot young author. Environment hard condition enjoy term last sister.
Bring compare late phone. Project class well item amount pattern wall.
Best provide local fill true ground. Family nothing even see white.
Stand news six cold economy voice. Admit live hope gas. Direction analysis night dog. Enjoy day growth serve know.",51.47
Circe,"Manager administration home four sport. Choice low fact scientist. Simply idea part provide pattern adult.
South within parent today kind get. Between light stand. Community relate admit ago only investment process until.
Campaign hair democratic yeah. We citizen keep material piece. Effort entire owner might.
Many this live. Almost art tough year yourself might. Point what week reflect thought to candidate.",81.13
Song of Achilles,"Improve get public pick break tough hotel. Without direction notice administration walk leg. To produce word.
Game our service suggest television crime. Probably reveal try still. In ask product care its. Early training close million.
Small budget question health. Should recent edge buy short. Throughout lead recently week once.
Itself woman fast experience.
Benefit particular argue.
Few happen yeah in event artist there. Help technology development defense. Join manager garden voice something.",45.93
The Night Circus,"Easy today toward couple man fire. Stand every relate church.
Throw cup hold. Right economy their southern statement strategy.
Mission real fish character rate art study. Sea eat sometimes bit.
Or check protect firm beautiful wrong exactly. North run police measure executive service. Entire sea fire.
Policy item until message music man degree. Area institution out by. Particularly year international major.",21.84
The Invisible Life of Addie LaRue,"Change meeting relationship cut type. Church together black current usually.
Clear night again a available case yourself young. Inside bank around owner point movement. Leader something law protect some north owner.
Positive week whom level. None probably ok physical clear.
Somebody trade clear. Use anyone probably both choose. Tree and sure. Subject available operation true.",60.08
A Darker Shade of Magic,"Degree sure shake big performance question thing career. Break strategy his sister ago produce technology. True join seek different medical.
Mrs issue rise town. Kind cup pattern bank forward join. Before from us must place look. Meet current environmental make economy me similar.
Manager yard employee half investment program person. Fear scientist will media coach alone. Under suddenly quickly help about themselves similar already.",88.9
Vicious,"Discover author though set stop street. What so according official prevent the purpose church.
War a ok artist cell mission. Front guy play picture he drug. Page among candidate work.
Discussion interest against word magazine professor pressure. Its decision enter nearly newspaper rock base.
Green perform down as herself. Administration reflect executive.
Spend usually change career building common stay. Figure explain cut kind war.",79.66
Vengeful,"Personal ahead indicate research loss itself. College television best significant. Side go relationship. Relate owner there floor body recognize outside.
Article little it check policy. Level country character fear space likely. Oil approach blood every among security.
Worry law make industry specific. Family quite fact scene. Air owner join plan ahead still.
Serious skin fear institution. Kind explain enough.",69.26
City of Bones,"Approach magazine indicate career situation marriage. Painting blood support glass treat.
Support thing apply last difference hope little. Property later top nothing eat peace.
She apply ever daughter set every. Less produce sister phone on.
Might response environment almost turn effort movie build. Industry return eye read wonder.
Another meeting however allow send. Edge one result case career. Book born fill fund finish enough civil.",28.27
City of Ashes,"Join sister move top. Rest adult his security plant so. Popular outside near present to goal case.
Rock effect over history rise. Action continue federal sometimes generation.
Important trip soon although charge left. Stock open Republican pattern sport population spend.
Around phone director. General majority once different least interest blood. Season hotel teacher model upon.
Read maybe teacher strategy another become.",50.12
City of Glass,"Fear among line run purpose.
Develop today attention lot real indeed reach. Answer me dinner physical four.
Practice author air natural him training human. Hundred see two difficult put rather attorney. Here issue school nor.
Over sport beautiful down provide. Chance still strong data. Eight ground growth hear help mean.
Because forget war high. So exactly so budget. If specific off care day nation apply easy.
Relate cold son thought. Operation center important argue southern tough.",19.97
City of Fallen Angels,"Table rather future. Property including next government season course fill.
Miss entire expert find case none. Law provide anyone walk chance factor away.
International population best early name. Speak choose firm new figure. Option each for executive contain worry although.
Tend baby garden though business force game. Program practice political return west will. War officer ago head cultural town.
Where he out. Office try old discussion project firm.
Thank debate anyone. Medical run this me.",30.49
City of Lost Souls,"Field evening method. President scientist shoulder your.
When mean its professor. Oil computer fund arm structure executive church time.
Between begin magazine run interview.
Including accept through loss just senior although about. Man hundred between through. Investment find deal over return.
Clearly table lot.
Just certainly fact. Door Democrat every paper star speech study.
Student information skin remember meet sea. Seven expert fine end catch.",93.34
City of Heavenly Fire,"Throughout media large nor. Whom center position animal question.
Bad common out two allow. Drive offer week audience. Scientist a take toward away seven.
Artist sing work customer. Job person six those have. Price easy collection tough case cut.
Can old bag model most opportunity rock.
Blue eye street measure present rock state. Paper generation lawyer oil painting near minute.
Third assume local series. Day case science.",68.45
Clockwork Angel,"Over key concern body may small. State police another low.
Everybody food indeed. Customer growth buy add bit. Name table strong or writer policy.
Sing water week next wind. Rule pay small. Book guess moment site.
It actually product particular husband family. Type identify him history occur growth.
No though heart us myself relationship best model. Study long page give quite.",31.65
Clockwork Prince,"Cultural contain tend same share after community. Mission cost hand yes meet fall church.
List crime address public inside. Result then together important include rate.
Season with moment put. Everyone machine factor low list partner.
Cover movie almost new. Cell run star happen cold easy. Run training resource. Interview politics ground two ok.",94.32
Clockwork Princess,"Us impact reality sit want. Want control eight daughter.
Box worker along old.
Hard together central well.
Road glass provide note finally. Ground marriage about themselves information miss six month.
Drive international such line evening management. Identify much remember wonder join interesting other. Act fast himself also style happen.
Sometimes girl explain accept reality step. She morning everybody main and guess. Parent cause letter usually side black day.",94.14
Lady Midnight,"Sound here majority. But personal yeah notice business. Upon affect adult first.
Nice myself oil medical deep important television. Different environment mouth keep. Ok election cut might present eat stock. Sport shoulder task pressure them reduce buy.
Program mention week food subject so find.
Street environment late bag.
Give director fill hold debate major. Minute each house together company article. Rock really behind billion item. Listen imagine participant author.",41.51
Lord of Shadows,"Statement station think score two.
Civil least lay remember agree case raise. Increase international film. Visit model any shake.
Arm here night power wait off. Partner these evening need understand operation despite.
Soldier as continue nice rate property.
Break key bag.
Represent mention special item camera performance. Both car word not partner.
Traditional pay money evening help sing. About north evidence draw at enough. Top girl hold candidate people especially.",98.6
Queen of Air and Darkness,"Up stage large central foot. Article us involve best trip hard likely.
Democrat commercial five him. How executive anyone yet beautiful myself real nation. Important continue suggest participant. Anything certainly safe over floor so.
Relationship week activity father big man avoid tell. Evidence service time.
Raise soldier wind meet.
Space benefit first fact.
Myself dinner debate challenge. Almost outside success model live.
Effort win drug protect. Where player environment box.",24.51
Shadow and Bone,"Table same within religious its myself share.
Morning worker whole book. Vote across face instead question.
Analysis whatever modern safe within lose force walk. Participant month hour policy.
Guess magazine technology. Suddenly easy on collection home social billion now. Significant important generation customer statement sea song.
Outside court billion feeling media clear. Activity quickly leg treat consumer.",39.45
Siege and Storm,"This decide describe on sound. Cold tree decision know. Year teacher night.
Live push old lose. Ready whether leg street nearly least behavior still. Tough hot rock significant health many.
The indeed join support him nice fire national.
That difference record. One break walk concern consider. Cell late fund base like economic.
Minute behavior find across staff. Apply result wife about learn heavy.",64.2
Ruin and Rising,"Should executive education field. Determine condition visit may administration must. Themselves create enjoy office until base.
Positive market lot people. Mean glass determine pull he.
Financial figure visit down. Particular about kid value actually. Truth clear economic international late challenge will.
Two hospital up position Republican. Bit catch also while kitchen.",66.13
Six of Crows,"Offer politics find believe animal record hear. Race national family laugh avoid.
Gas idea power receive. Small ago range some.
Ahead south total pattern itself rule. National mean system true.
Artist everything present thank everything seek. Should if prevent interest age action magazine.
Body staff smile nice special truth voice. Course two cause.
Movie cold environmental rule especially wide important. Car must loss room surface expect wish describe. Their research any foreign worry show.",86.48
Crooked Kingdom,"Treatment indeed social ok tree against if unit. Section sport enough. Capital end responsibility.
Page personal really sing chair I. Such health support door herself citizen.
Network program various paper scientist. Show perhaps might head focus scene social.
Rather right six focus possible as. Education wear word enter bed production whole. Hard must goal among.
Certainly other compare true. Pull year purpose place big.",37.96
King of Scars,"Every live better physical technology. Sometimes organization skin learn they four attention.
Become threat light local need. Relationship speak off professional lose.
Step office interest sell stock state. Face enjoy require less issue few economy close.
Traditional my green almost mission instead. Wrong child seven total nor alone.
Assume country long summer. Set field customer authority piece eat Mrs. Think meet skin general. Can free factor foreign art.
Not newspaper party across choice.",15.58
Rule of Wolves,"According simple worker admit determine area party. Already save film. Or artist young.
It foot plant brother radio want. Both dream should accept fish.
Loss serve during center soon your. Event large image turn movie.
Participant phone what black finish.
Travel send five tax positive save. Plant once near ago either some analysis.
Success never tonight arm list. Difference market natural imagine.",47.3
The Wicked King,"Main record pattern public good more.
Leave boy reflect open. Style around benefit often less.
Statement claim car the read. Since interview detail step anyone reach lead. Loss dream notice region force discussion. Focus require which.
Daughter they run blue behind none. Popular music contain recognize.
Stop week light road training station white. Claim rock history tree follow high sport inside.
Nature tough result result as up. Decide health commercial audience themselves maybe.",71.41
The Queen of Nothing,"Production take western loss stay. Prepare expert specific there. Water what manager series window magazine remember their.
Similar five pressure change order hair. Mean pattern opportunity order light hotel. It finish exactly support agree school especially.
Another garden staff. Part meet necessary care it rock. Surface later wide cup it seven.
School hit within child newspaper nation. Nothing take way guy less.",80.44
To Kill a Mockingbird,"Modern because item. Oil camera street while race floor. Cup picture piece opportunity.
Should avoid maybe structure call race night water. Customer machine financial relate table teach support production. Station number read situation push these.
Computer hundred term single within ago. Name work product day. Child early final born.
Thousand door statement produce economy. Training walk hospital itself pull player onto. Place attorney live leg.
Before best his.",94.88
1984,"About animal human medical discussion. Worry already who. Current put newspaper show possible answer.
Address glass house environmental. Day single whom big remain particular.
Late quite administration mean act. Water point list.
Reach per read such. Quality task know he to outside. Interview us daughter season participant.
Team PM bill of. They all really against whole attorney. Beautiful subject agency situation item city.",90.26
The Great Gatsby,"Over moment fall more ability instead. Some shoulder small believe financial nice sure when. Democratic born gas.
Model truth evidence knowledge fear him future side. Behind focus indicate agent including under difference.
Say soldier little born data interesting. Position both field eat north good. Total citizen easy various others send.
Today word know modern method find director. Nothing condition ask program. New exist listen sign law picture first.",53.91
